,name,adress,rooms,size,level,repair,wall,price
0,1-комнатная квартира в аренду,"город Ташкент, Яккасарайский район, Кушбеги",1,40 м²,2/5,Черновая отделка,Панельный,350 у.е./мес.
1,2-комнатная квартира на продажу,"город Ташкент, Яшнободский район",2,58 м²,3/8,Требует ремонта,Кирпичный,53 000 у.е.
2,6+ комнатный частный дом на продажу,"город Ташкент, Яшнободский район, Шумиловский городок",6+,2 сот.,170 м²,Евроремонт,Кирпичный,150 000 у.е.
3,6+ комнатный частный дом на продажу,"город Ташкент, Сергелийский район",6+,7 сот.,200 м²,Черновая отделка,Другое,120 000 у.е.
4,Производство на продажу,"город Ташкент, Сергелийский район, Саъдий",2 500 м²,1/1,Черновая отделка,Кирпичный,Парковочное место,139 000 у.е.
5,2-комнатная квартира в аренду,"город Ташкент, Мирзо-Улугбекский район, Олой",2,51 м²,2/9,Евроремонт,Кирпичный,1 200 у.е./мес.
6,2-комнатная квартира на продажу,"город Ташкент, Янгихаётский район",2,45 м²,7/7,Средний,Кирпичный,47 500 у.е.
7,2-комнатная квартира в аренду,"город Ташкент, Шайхантахурский район, Международный деловой центр Tashkent City",2,68 м²,9/9,Евроремонт,Кирпичный,1 800 у.е./мес.
8,4-комнатная квартира в аренду,"город Ташкент, Юнусабадский район",4,125 м²,1/5,Евроремонт,Кирпичный,800 у.е./мес.
9,2-комнатная квартира в аренду,"город Ташкент, Шайхантахурский район, Хадра",2,60 м²,4/9,Черновая отделка,Панельный,700 у.е./мес.
10,3-комнатная квартира в аренду,"город Ташкент, Юнусабадский район",3,70 м²,6/13,Евроремонт,Кирпичный,800 у.е./мес.
11,2-комнатная квартира в аренду,"город Ташкент, Мирабадский район, Саида Барака",2,73 м²,1/9,Евроремонт,Кирпичный,1 000 у.е./мес.
12,2-комнатная квартира в аренду,"город Ташкент, Яшнободский район, Махтумкули",2,75 м²,9/9,Евроремонт,Кирпичный,850 у.е./мес.
13,3-комнатная квартира в аренду,"город Ташкент, Шайхантахурский район, Международный деловой центр Tashkent City",3,91 м²,4/7,Евроремонт,Кирпичный,2 000 у.е./мес.
14,2-комнатная квартира в аренду,"город Ташкент, Яшнободский район, Мавлоно Риёзи",2,60 м²,7/9,Евроремонт,Панельный,650 у.е./мес.
15,1-комнатная квартира в аренду,"город Ташкент, Мирзо-Улугбекский район, Карасу 6-й квартал",1,51 м²,6/6,Евроремонт,Кирпичный,600 у.е./мес.
16,1-комнатная квартира в аренду,"город Ташкент, Юнусабадский район, Юнусабад 19-й квартал",1,44 м²,7/7,Евроремонт,Кирпичный,600 у.е./мес.
17,2-комнатная квартира в аренду,"город Ташкент, Яшнободский район, Гузал",2,51 м²,5/5,Евроремонт,Кирпичный,650 у.е./мес.
18,2-комнатная квартира на продажу,"город Ташкент, Юнусабадский район, Юнусабад-7",2,54 м²,2/4,Требует ремонта,,45 000 у.е.
19,4-комнатный частный дом на продажу,"Самаркандская область, Самарканд",4,2 сот.,80 м²,Средний,Кирпичный,52 000 у.е.
20,3-комнатная квартира в аренду,"город Ташкент, Мирзо-Улугбекский район",3,75 м²,3/9,Евроремонт,Холодильник,1 000 у.е./мес.
21,3-комнатная квартира на продажу,"город Ташкент, Мирзо-Улугбекский район, Ирригатор",3,130 м²,5/6,Евроремонт,Кирпичный,200 000 у.е.
22,3-комнатная квартира на продажу,"город Ташкент, Олмазорский район",3,72 м²,5/9,Черновая отделка,Панельный,57 500 у.е.
23,2-комнатная квартира на продажу,"город Ташкент, Олмазорский район",2,60 м²,4/9,Черновая отделка,Панельный,46 500 у.е.
24,4-комнатная квартира на продажу,"город Ташкент, Олмазорский район",4,85 м²,4/4,Средний,Кирпичный,87 000 у.е.
25,6+ комнатная квартира на продажу,"город Ташкент, Шайхантахурский район, Чорсу",6+,115 м²,4/5,Черновая отделка,Панельный,95 000 у.е.
26,6+ комнатная квартира на продажу,"город Ташкент, Мирзо-Улугбекский район, Дархан",6+,562 м²,9/9,Требует ремонта,Кирпичный,400 000 у.е.
27,1-комнатная квартира на продажу,"Самаркандская область, Булунгурский район",1,35 м²,1/2,Средний,Кирпичный,12 000 у.е.
28,3-комнатная квартира на продажу,"город Ташкент, Яккасарайский район",3,103 м²,8/10,Евроремонт,Кирпичный,120 000 у.е.
29,1-комнатная квартира на продажу,"город Ташкент, Чиланзарский район, Чиланзар-6",1,30 м²,2/4,Евроремонт,,39 500 у.е.
30,1-комнатная квартира на продажу,"город Ташкент, Чиланзарский район, Чиланзар-8",1,30 м²,4/4,Черновая отделка,Кирпичный,35 500 у.е.
31,1-комнатная квартира на продажу,"город Ташкент, Чиланзарский район, Мукими",1,30 м²,2/4,Евроремонт,Кирпичный,42 000 у.е.
32,1-комнатная квартира на продажу,"город Ташкент, Чиланзарский район, Чиланзар-1",1,36 м²,4/5,Евроремонт,Кирпичный,41 800 у.е.
33,3-комнатная квартира на продажу,"город Ташкент, Яккасарайский район, Дилбулок",3,80 м²,5/8,Требует ремонта,Кирпичный,125 000 у.е.
34,6+ комнатная квартира на продажу,"город Ташкент, Мирзо-Улугбекский район, жилой комплекс Goldhill",6+,278 м²,7/7,Евроремонт,Кирпичный,245 000 у.е.
35,2-комнатная квартира в аренду,"город Ташкент, Мирабадский район, Госпитальный",2,65 м²,5/8,Евроремонт,Кирпичный,1 300 у.е./мес.
36,4-комнатная квартира на продажу,"город Ташкент, Юнусабадский район, Буюк Турон",4,116 м²,9/10,Евроремонт,Кирпичный,190 000 у.е.
37,Бизнес на продажу,"город Ташкент, Чиланзарский район",60 м²,Евроремонт,Кондиционер,Интернет,Видеонаблюдение,69 000 у.е.
38,Бизнес на продажу,"город Ташкент, Чиланзарский район",60 м²,Евроремонт,Кондиционер,Интернет,Видеонаблюдение,69 000 у.е.
39,Бизнес на продажу,"город Ташкент, Чиланзарский район",34 м²,Средний,Кирпичный,,,47 000 у.е.
40,Бизнес на продажу,"город Ташкент, Чиланзарский район",46 м²,Средний,Кирпичный,,,44 000 у.е.
41,4-комнатная квартира на продажу,"город Ташкент, Чиланзарский район",4,60 м²,1/4,Евроремонт,Панельный,75 000 у.е.
42,3-комнатная квартира на продажу,"город Ташкент, Мирзо-Улугбекский район",3,75 м²,2/4,Черновая отделка,Кирпичный,90 000 у.е.
43,3-комнатная квартира в аренду,"город Ташкент, Шайхантахурский район",3,115 м²,2/9,Евроремонт,Кирпичный,2 200 у.е./мес.
44,3-комнатная квартира в аренду,"город Ташкент, Мирабадский район, Афросиаб",3,103 м²,4/4,Евроремонт,Кирпичный,900 у.е./мес.
45,4-комнатная квартира в аренду,"город Ташкент, Мирабадский район, Нукус",4,186 м²,6/9,Евроремонт,Кирпичный,2 000 у.е./мес.
46,3-комнатная квартира в аренду,"город Ташкент, Сергелийский район, Сергели-V",3,78 м²,7/9,Черновая отделка,Панельный,350 у.е./мес.
47,3-комнатная квартира в аренду,"город Ташкент, Мирабадский район",3,100 м²,1/6,Евроремонт,Кирпичный,1 200 у.е./мес.
48,3-комнатная квартира в аренду,"город Ташкент, Юнусабадский район",3,99 м²,5/10,Евроремонт,Кирпичный,2 000 у.е./мес.
49,4-комнатная квартира в аренду,"город Ташкент, Мирабадский район, Шахрисабз",4,200 м²,4/8,Евроремонт,Кирпичный,2 000 у.е./мес.
50,1-комнатная квартира на продажу,"город Ташкент, Яккасарайский район",1,18.36 м²,2/4,Черновая отделка,Кирпичный,21 000 у.е.
51,3-комнатная квартира в аренду,"город Ташкент, Юнусабадский район, Шарафа Рашидова",3,105 м²,4/9,Евроремонт,Кирпичный,1 200 у.е./мес.
52,3-комнатная квартира на продажу,"город Ташкент, Шайхантахурский район, Самарканд Дарвоза",3,71 м²,3/5,Черновая отделка,Панельный,75 000 у.е.
53,2-комнатная квартира в аренду,"город Ташкент, Мирабадский район, Кызыларватская",2,48 м²,4/4,Средний,Кирпичный,300 у.е./мес.
54,2-комнатная квартира на продажу,"город Ташкент, Мирзо-Улугбекский район, Феруза-1",2,48 м²,1/4,Средний,Панельный,50 000 у.е.
55,6+ комнатный частный дом на продажу,"Бухарская область, Бухара",6+,11 сот.,100 м²,Черновая отделка,Кирпичный,85 000 у.е.
56,2-комнатный частный дом на продажу,"город Ташкент, Сергелийский район",2,2 сот.,133 м²,Евроремонт,Кирпичный,106 000 у.е.
57,2-комнатный частный дом на продажу,"город Ташкент, Мирабадский район",2,1 сот.,70 м²,Средний,Кирпичный,42 000 у.е.
58,2-комнатная квартира в аренду,"город Ташкент, Мирабадский район, Афросиаб",2,68 м²,8/9,Евроремонт,Панельный,700 у.е./price.period.unit.short.hour
59,3-комнатная квартира в аренду,"город Ташкент, Яккасарайский район, Кухинур",3,70 м²,7/12,Черновая отделка,Панельный,500 у.е./мес.
60,2-комнатная квартира в аренду,"город Ташкент, Мирабадский район, Мингурик",2,65 м²,1/4,Евроремонт,Кирпичный,700 у.е./мес.
61,2-комнатная квартира на продажу,"город Ташкент, Яккасарайский район, Ракатбоши",2,75 м²,7/10,Евроремонт,Кирпичный,159 000 у.е.
62,2-комнатная квартира на продажу,"город Ташкент, Яккасарайский район, Абдуллы Каххара",2,126 м²,1/6,Евроремонт,Лифт,83 997 у.е.
63,2-комнатная квартира на продажу,"город Ташкент, Яккасарайский район, Абдуллы Каххара",2,110 м²,1/6,Евроремонт,Лифт,77 000 у.е.
64,2-комнатная квартира на продажу,"город Ташкент, Мирзо-Улугбекский район, Феруза-1",2,94 м²,2/8,Требует ремонта,Кирпичный,63 000 у.е.
65,2-комнатная квартира на продажу,"город Ташкент, Мирзо-Улугбекский район, Феруза-1",2,94 м²,5/8,Требует ремонта,Кирпичный,58 000 у.е.
66,2-комнатная квартира в аренду,"город Ташкент, Сергелийский район",2,57 м²,5/6,Евроремонт,Кирпичный,600 у.е./мес.
67,2-комнатная квартира на продажу,"город Ташкент, Яккасарайский район, Абдуллы Каххара",2,126 м²,1/6,Евроремонт,Кирпичный,84 499 у.е.
68,3-комнатная квартира в аренду,"город Ташкент, Яшнободский район, Садыка Азимова",3,110 м²,4/6,Евроремонт,Кирпичный,1 198 у.е./мес.
69,6+ комнатный частный дом на продажу,"город Ташкент, Сергелийский район",6+,4 сот.,200 м²,Евроремонт,Кирпичный,220 000 у.е.
70,1-комнатная квартира на продажу,"город Ташкент, Чиланзарский район, Чиланзар-Е",1,30 м²,1/5,Евроремонт,Кирпичный,46 500 у.е.
71,1-комнатная квартира в аренду,"город Ташкент, Шайхантахурский район",1,45 м²,7/8,Евроремонт,,1 000 у.е./мес.
72,3-комнатная квартира на продажу,"город Ташкент, Олмазорский район",3,72 м²,8/9,Средний,Панельный,60 000 у.е.
73,4-комнатная квартира на продажу,"город Ташкент, Олмазорский район",4,90 м²,2/9,Средний,Панельный,77 000 у.е.
74,1-комнатная квартира в аренду,"город Ташкент, Учтепинский район, Чиланзар-13",1,42 м²,2/4,Евроремонт,Кирпичный,400 у.е./мес.
75,2-комнатная квартира на продажу,"город Ташкент, Олмазорский район",2,45 м²,3/4,Средний,Кирпичный,44 000 у.е.
76,1-комнатная квартира на продажу,"город Ташкент, Учтепинский район, Чиланзар-26",1,42 м²,2/4,Черновая отделка,Кирпичный,40 000 у.е.
77,1-комнатная квартира на продажу,"город Ташкент, Учтепинский район, Чиланзар-23",1,42 м²,2/4,Черновая отделка,Кирпичный,42 500 у.е.
78,3-комнатная квартира на продажу,"город Ташкент, Олмазорский район",3,107 м²,3/8,Требует ремонта,Кирпичный,125 000 у.е.
79,3-комнатная квартира на продажу,"город Ташкент, Олмазорский район, Каракамыш квартал 2/5",3,94 м²,4/7,Средний,Кирпичный,75 000 у.е.
80,3-комнатная квартира на продажу,"город Ташкент, Олмазорский район, Университет",3,68 м²,7/9,Средний,Панельный,67 000 у.е.
81,4-комнатная квартира на продажу,"город Ташкент, Яккасарайский район, Хазинабог",4,91 м²,1/5,Требует ремонта,Кирпичный,90 000 у.е.
82,2-комнатная квартира на продажу,"город Ташкент, Чиланзарский район",2,50 м²,3/4,Черновая отделка,Панельный,55 000 у.е.
83,1-комнатная квартира на продажу,"город Ташкент, Чиланзарский район",1,33 м²,1/4,Черновая отделка,Панельный,40 000 у.е.
84,3-комнатная квартира на продажу,"город Ташкент, Чиланзарский район",3,65 м²,10/10,Евроремонт,Кирпичный,80 000 у.е.
85,1-комнатная квартира на продажу,"город Ташкент, Чиланзарский район",1,36 м²,3/4,Средний,Панельный,65 000 у.е.
86,2-комнатная квартира на продажу,"город Ташкент, Шайхантахурский район, Караташ",2,72 м²,5/12,Средний,Панельный,71 000 у.е.
87,4-комнатная квартира на продажу,"город Ташкент, Шайхантахурский район, Караташ",4,100 м²,8/9,Требует ремонта,Панельный,82 000 у.е.
88,3-комнатная квартира на продажу,"город Ташкент, Шайхантахурский район, Караташ",3,76 м²,8/9,Евроремонт,Панельный,85 000 у.е.
89,3-комнатная квартира на продажу,"город Ташкент, Шайхантахурский район, Караташ",3,100 м²,5/7,Средний,Кирпичный,94 000 у.е.
90,4-комнатная квартира на продажу,"город Ташкент, Шайхантахурский район, Караташ",4,100 м²,6/9,Черновая отделка,Панельный,100 000 у.е.
91,3-комнатная квартира на продажу,"город Ташкент, Чиланзарский район, Алмазар",3,72 м²,7/9,Средний,Панельный,78 500 у.е.
92,6+ комнатный частный дом на продажу,"город Ташкент, Мирзо-Улугбекский район",6+,4 сот.,250 м²,Черновая отделка,Другое,99 000 у.е.
93,2-комнатная квартира на продажу,"город Ташкент, Шайхантахурский район, Караташ",2,72 м²,2/12,Черновая отделка,Панельный,67 000 у.е.
94,3-комнатная квартира в аренду,"город Ташкент, Яккасарайский район, Мукими",3,95 м²,6/8,Евроремонт,Кирпичный,1 700 у.е./мес.
95,3-комнатная квартира в аренду,"город Ташкент, Юнусабадский район, Минор",3,110 м²,2/8,Евроремонт,Кирпичный,2 200 у.е./мес.
96,2-комнатная квартира в аренду,"город Ташкент, Яшнободский район, Сандикли",2,72 м²,2/5,Евроремонт,Панельный,500 у.е./мес.
97,2-комнатная квартира в аренду,"город Ташкент, Юнусабадский район, Юнусабад 4-й квартал",2,68 м²,9/9,Евроремонт,Панельный,650 у.е./мес.
98,3-комнатная квартира на продажу,"город Ташкент, Мирабадский район, Ислама Каримова",3,82 м²,6/9,Евроремонт,Кирпичный,129 000 у.е.
99,3-комнатная квартира в аренду,"город Ташкент, Юнусабадский район, Юнусабад 18-й квартал",3,92 м²,1/9,Евроремонт,Панельный,1 000 у.е./мес.
100,1-комнатная квартира на продажу,"город Ташкент, Чиланзарский район",1,28 м²,3/4,Евроремонт,Кирпичный,42 000 у.е.
101,2-комнатная квартира в аренду,"город Ташкент, Юнусабадский район, Юнусабад 14-й квартал",2,60 м²,4/9,Евроремонт,Панельный,600 у.е./мес.
102,3-комнатная квартира в аренду,"город Ташкент, Шайхантахурский район",3,114 м²,2/8,Евроремонт,Кирпичный,2 200 у.е./мес.
103,3-комнатная квартира в аренду,"город Ташкент, Шайхантахурский район",3,105 м²,4/9,Евроремонт,Кирпичный,2 000 у.е./мес.
104,1-комнатная квартира на продажу,"город Ташкент, Шайхантахурский район, Джарарык",1,40 м²,2/9,Средний,Монолитный,39 000 у.е.
105,2-комнатная квартира в аренду,"город Ташкент, Юнусабадский район, Туркистон",2,77 м²,3/7,Евроремонт,Кирпичный,700 у.е./мес.
106,2-комнатная квартира на продажу,"город Ташкент, Мирабадский район, Нукус",2,65 м²,3/6,Евроремонт,Кирпичный,110 000 у.е.
107,4-комнатная квартира в аренду,"город Ташкент, Мирабадский район, Нукус",4,178 м²,6/8,Евроремонт,Кирпичный,2 000 у.е./мес.
108,2-комнатная квартира в аренду,"город Ташкент, Юнусабадский район, Шарафа Рашидова",2,74 м²,4/12,Черновая отделка,Кирпичный,900 у.е./мес.
109,3-комнатная квартира в аренду,"город Ташкент, Мирабадский район",3,106 м²,1/6,Евроремонт,Кирпичный,1 200 у.е./мес.
110,3-комнатная квартира в аренду,"город Ташкент, Яккасарайский район, махалля Юнус Ражабий, улица Юсуфа Хос Ходжиба",3,110 м²,4/8,Евроремонт,Кирпичный,1 000 у.е./мес.
111,1-комнатная квартира в аренду,"город Ташкент, Мирабадский район",1,30 м²,4/12,Евроремонт,,1 000 у.е./мес.
112,4-комнатный частный дом в аренду,"город Ташкент, Мирзо-Улугбекский район, Магрур",4,3 сот.,150 м²,Евроремонт,Кирпичный,2 000 у.е./мес.
113,3-комнатная квартира в аренду,"город Ташкент, Мирабадский район, Афросиаб",3,101 м²,4/4,Евроремонт,Кирпичный,950 у.е./мес.
114,2-комнатная квартира в аренду,"город Ташкент, Мирабадский район, Мирабад",2,80 м²,5/6,Евроремонт,,2 000 у.е./мес.
115,4-комнатная квартира на продажу,"город Ташкент, Учтепинский район, Чиланзар 30-й квартал",4,85 м²,4/5,Евроремонт,Панельный,79 000 у.е.
116,3-комнатная квартира в аренду,"город Ташкент, Яшнободский район",3,70 м²,4/9,Евроремонт,Кирпичный,800 у.е./мес.
117,4-комнатная квартира в аренду,"город Ташкент, Юнусабадский район, Киёт",4,100 м²,8/9,Евроремонт,Панельный,1 300 у.е./мес.
118,2-комнатная квартира на продажу,"город Ташкент, Юнусабадский район, Кашкар",2,56 м²,2/4,Евроремонт,Кирпичный,100 000 у.е.
119,4-комнатная квартира в аренду,"город Ташкент, Юнусабадский район, Юнусабад 8-й квартал",4,70 м²,4/4,Евроремонт,Монолитный,750 у.е./мес.
120,3-комнатная квартира на продажу,"город Ташкент, Шайхантахурский район, Жангох",3,64 м²,3/5,Евроремонт,Панельный,90 000 у.е.
121,1-комнатная квартира на продажу,"город Ташкент, Мирзо-Улугбекский район",1,20 м²,3/4,Средний,Панельный,20 500 у.е.
122,2-комнатная квартира в аренду,"город Ташкент, Мирзо-Улугбекский район",2,70 м²,3/4,Евроремонт,Кирпичный,1 100 у.е./мес.
123,2-комнатная квартира на продажу,"город Ташкент, Учтепинский район",2,47 м²,4/4,Требует ремонта,Панельный,41 300 у.е.
124,4-комнатная квартира в аренду,"город Ташкент, Олмазорский район, 10-й проезд Сагбан",4,140 м²,6/8,Евроремонт,Кирпичный,1 100 у.е./мес.
125,3-комнатная квартира на продажу,"город Ташкент, Чиланзарский район, Чиланзар 5-й квартал",3,70 м²,2/4,Евроремонт,Кирпичный,80 000 у.е.
126,1-комнатная квартира на продажу,"город Ташкент, Мирзо-Улугбекский район",1,18 м²,2/4,Черновая отделка,Панельный,20 500 у.е.
127,4-комнатная квартира в аренду,"город Ташкент, Юнусабадский район, Минор",4,120 м²,4/8,Евроремонт,Кирпичный,1 300 у.е./мес.
128,6+ комнатный частный дом на продажу,"Ташкентская область, Кибрайский район",6+,2.2 сот.,176 м²,2/2,Евроремонт,140 000 у.е.
129,2-комнатная квартира в аренду,"город Ташкент, Мирзо-Улугбекский район, Сайрам",2,63 м²,3/12,Евроремонт,Кирпичный,1 200 у.е./мес.
130,3-комнатная квартира в аренду,"город Ташкент, Яккасарайский район, Афросиаб",3,80 м²,1/4,Евроремонт,Кирпичный,750 у.е./мес.
131,1-комнатная квартира в аренду,"город Ташкент, Яккасарайский район, Афросиаб",1,40 м²,2/4,Евроремонт,Кирпичный,500 у.е./мес.
132,3-комнатная квартира на продажу,"город Ташкент, Шайхантахурский район, Международный деловой центр Tashkent City",3,90 м²,6/8,Евроремонт,Кирпичный,245 000 у.е.
133,2-комнатная квартира на продажу,"город Ташкент, Чиланзарский район",2,51 м²,2/4,Средний,Панельный,50 000 у.е.
134,2-комнатная квартира на продажу,"город Ташкент, Шайхантахурский район, Хадра",2,45 м²,2/4,Евроремонт,Кирпичный,58 999 у.е.
135,2-комнатная квартира в аренду,"город Ташкент, Яшнободский район, Махтумкули",2,50 м²,7/9,Евроремонт,Кирпичный,800 у.е./мес.
136,2-комнатная квартира на продажу,"город Ташкент, Чиланзарский район, Чиланзар 16-й квартал",2,51 м²,4/4,Евроремонт,Панельный,60 000 у.е.
137,3-комнатная квартира в аренду,"город Ташкент, Яшнободский район, Махтумкули",3,80 м²,6/9,Евроремонт,Кирпичный,850 у.е./мес.
138,3-комнатная квартира в аренду,"город Ташкент, Мирабадский район, Тараса Шевченко",3,60 м²,4/4,Евроремонт,Панельный,800 у.е./мес.
139,2-комнатная квартира в аренду,"город Ташкент, Шайхантахурский район, Хадра",2,60 м²,6/9,Евроремонт,Панельный,700 у.е./мес.
140,1-комнатная квартира в аренду,"город Ташкент, Мирзо-Улугбекский район, Сайрам",1,40 м²,8/12,Евроремонт,Кирпичный,800 у.е./мес.
141,3-комнатная квартира в аренду,"город Ташкент, Яшнободский район",3,72 м²,2/9,Евроремонт,Кирпичный,800 у.е./мес.
142,2-комнатная квартира на продажу,"город Ташкент, Чиланзарский район",2,85 м²,3/8,Евроремонт,Кирпичный,88 000 у.е.
143,4-комнатная квартира в аренду,"город Ташкент, Мирабадский район, Ислама Каримова",4,100 м²,3/4,Евроремонт,Кирпичный,1 500 у.е./мес.
144,6+ комнатная квартира в аренду,"город Ташкент, Мирабадский район, Нукус",6+,400 м²,5/7,Евроремонт,Кирпичный,3 000 у.е./мес.
145,6+ комнатный частный дом на продажу,"город Ташкент, Мирзо-Улугбекский район",6+,2 сот.,200 м²,Евроремонт,Кирпичный,400 000 у.е.
146,2-комнатная квартира на продажу,"город Ташкент, Юнусабадский район, Юнусабад-8",2,51 м²,3/4,Евроремонт,Панельный,3 060 000 у.е.
147,3-комнатная квартира в аренду,"город Ташкент, Мирзо-Улугбекский район, Паркент",3,72 м²,2/9,Евроремонт,Кирпичный,850 у.е./мес.
148,2-комнатная квартира в аренду,"город Ташкент, Мирабадский район, Фидокор",2,65 м²,3/9,Евроремонт,Монолитный,700 у.е./мес.
149,2-комнатная квартира на продажу,"город Ташкент, Учтепинский район, Чиланзар 15-й квартал",2,54 м²,1/4,Средний,Кирпичный,56 000 у.е.
150,Бизнес на продажу,"город Ташкент, Чиланзарский район",70 м²,Черновая отделка,Панельный,,,86 000 у.е.
151,3-комнатная квартира на продажу,"Сурхандарьинская область, Термез",3,68 м²,4/4,Евроремонт,Кирпичный,36 000 у.е.
152,2-комнатная квартира в аренду,"город Ташкент, Чиланзарский район",2,50 м²,1/4,Евроремонт,Панельный,450 у.е./мес.
153,3-комнатная квартира в аренду,"город Ташкент, Мирзо-Улугбекский район, Буюк Ипак Йули",3,100 м²,5/5,Евроремонт,Кирпичный,1 600 у.е./мес.
154,1-комнатная квартира в аренду,"город Ташкент, Чиланзарский район",1,30 м²,4/4,Черновая отделка,Панельный,350 у.е./мес.
155,3-комнатная квартира на продажу,"город Ташкент, Шайхантахурский район, Жангох",3,82 м²,6/8,Евроремонт,Кирпичный,190 000 у.е.
156,3-комнатная квартира на продажу,"город Ташкент, Мирабадский район, Афросиаб",3,80 м²,6/9,Евроремонт,Парковочное место,128 900 у.е.
157,1-комнатная квартира в аренду,"город Ташкент, Чиланзарский район",1,30 м²,3/4,Евроремонт,Панельный,400 у.е./мес.
158,2-комнатная квартира на продажу,"город Ташкент, Юнусабадский район, Минор",2,60 м²,7/10,Евроремонт,Кирпичный,140 000 у.е.
159,3-комнатная квартира на продажу,"город Ташкент, Мирабадский район, Афросиаб",3,80 м²,6/9,Евроремонт,Панельный,129 000 у.е.
160,1-комнатная квартира в аренду,"город Ташкент, Мирзо-Улугбекский район, Оккургон",1,45 м²,4/4,Телевизор,Парковочное место,500 у.е./мес.
161,2-комнатная квартира на продажу,"город Ташкент, Мирзо-Улугбекский район, проспект Мустакиллик",2,70 м²,18/18,Евроремонт,Монолитный,89 000 у.е.
162,6+ комнатный частный дом на продажу,"Ташкентская область, Кибрайский район",6+,4.5 сот.,450 м²,Евроремонт,Кирпичный,110 000 у.е.
163,2-комнатная квартира на продажу,"город Ташкент, Юнусабадский район, Минор",2,60 м²,7/10,Евроремонт,Кирпичный,140 000 у.е.
164,1-комнатная квартира на продажу,"город Ташкент, Яшнободский район",1,40 м²,2/5,Евроремонт,Кирпичный,44 000 у.е.
165,1-комнатная квартира на продажу,"город Ташкент, Чиланзарский район, Арнасой",1,30 м²,4/4,Евроремонт,Панельный,41 500 у.е.
166,2-комнатная квартира в аренду,"город Ташкент, Яккасарайский район, Юнус Ражабий",2,55 м²,7/9,,,800 у.е./мес.
167,3-комнатная квартира в аренду,"город Ташкент, Мирзо-Улугбекский район",3,75 м²,4/5,Евроремонт,Кирпичный,600 у.е./мес.
168,3-комнатная квартира на продажу,"город Ташкент, Яккасарайский район",3,55 м²,3/4,Парковочное место,Телефонная линия,63 500 у.е.
169,2-комнатная квартира в аренду,"город Ташкент, Мирзо-Улугбекский район",2,50 м²,1/5,Евроремонт,Кирпичный,600 у.е./мес.
170,6+ комнатный частный дом на продажу,"Ташкентская область, Кибрайский район",6+,9.48 сот.,100 м²,Черновая отделка,Другое,120 000 у.е.
171,3-комнатная квартира в аренду,"город Ташкент, Мирабадский район, Саида Барака",3,105 м²,2/9,Евроремонт,Кирпичный,2 000 у.е./мес.
172,3-комнатная квартира в аренду,"город Ташкент, Мирабадский район, Саида Барака",3,125 м²,4/7,Евроремонт,Кирпичный,1 400 у.е./мес.
173,4-комнатная квартира в аренду,"город Ташкент, Юнусабадский район, Отчопар-1",4,110 м²,2/8,Евроремонт,Кирпичный,1 300 у.е./мес.
174,1-комнатная квартира на продажу,"город Ташкент, Мирзо-Улугбекский район",1,40 м²,6/6,Требует ремонта,Кирпичный,38 500 у.е.
175,3-комнатная квартира в аренду,"город Ташкент, Яшнободский район",3,107 м²,4/7,Евроремонт,Кирпичный,1 200 у.е./мес.
176,1-комнатная квартира на продажу,"город Ташкент, Мирзо-Улугбекский район",1,30 м²,5/5,Черновая отделка,Кирпичный,35 500 у.е.
177,4-комнатная квартира в аренду,"город Ташкент, Юнусабадский район, Кашгар",4,120 м²,4/6,Евроремонт,Кирпичный,1 500 у.е./мес.
178,3-комнатная квартира в аренду,"город Ташкент, Мирабадский район, Айбека",3,85 м²,4/4,Черновая отделка,Кондиционер,800 у.е./мес.
179,4-комнатная квартира в аренду,"город Ташкент, Мирабадский район, Фидокор",4,180 м²,2/7,Евроремонт,Кирпичный,2 000 у.е./мес.
180,4-комнатная квартира на продажу,"город Ташкент, Учтепинский район",4,78 м²,1/4,Черновая отделка,Панельный,77 000 у.е.
181,2-комнатная квартира на продажу,"город Ташкент, Мирабадский район, Истикбол",2,63 м²,6/6,Требует ремонта,Лифт,57 000 у.е.
182,2-комнатная квартира на продажу,"город Ташкент, Мирзо-Улугбекский район, жилой комплекс Goldhill",2,58 м²,2/9,Евроремонт,Кирпичный,70 000 у.е.
183,2-комнатная квартира на продажу,"город Ташкент, Мирабадский район",2,51.76 м²,2/12,Черновая отделка,Кирпичный,120 000 у.е.
184,4-комнатная квартира на продажу,"город Ташкент, Яшнободский район, Махтумкули",4,127 м²,3/9,Евроремонт,Кирпичный,154 000 у.е.
185,3-комнатная квартира на продажу,"город Ташкент, Янгихаётский район",3,72.6 м²,4/9,Евроремонт,Кирпичный,60 000 у.е.
186,2-комнатная квартира на продажу,"город Ташкент, Мирзо-Улугбекский район, Буюк Ипак Йули",2,67.3 м²,4/5,Требует ремонта,Лифт,73 000 у.е.
187,2-комнатная квартира на продажу,"город Ташкент, Мирабадский район, жилой комплекс Greenwich",2,53 м²,4/8,Евроремонт,Кирпичный,81 000 у.е.
188,2-комнатная квартира на продажу,"город Ташкент, Яшнободский район",2,65 м²,2/9,Средний,Лифт,68 900 у.е.
189,1-комнатная квартира на продажу,"город Ташкент, Мирзо-Улугбекский район, Лашкарбеги",1,48 м²,13/26,Требует ремонта,Кирпичный,72 999 у.е.
190,3-комнатная квартира на продажу,"город Ташкент, Яшнободский район, Мавлона Риёзий",3,74 м²,4/5,Евроремонт,Кирпичный,75 000 у.е.
191,3-комнатная квартира на продажу,"город Ташкент, Яшнободский район, Паркент",3,110 м²,6/8,Евроремонт,Кирпичный,120 000 у.е.
192,2-комнатная квартира в аренду,"город Ташкент, Мирзо-Улугбекский район, Аккурган",2,50 м²,4/4,Черновая отделка,Кирпичный,650 у.е./мес.
193,2-комнатная квартира на продажу,"город Ташкент, Мирзо-Улугбекский район, жилой комплекс Goldhill",2,55 м²,5/9,Евроремонт,Кирпичный,109 999 у.е.
194,6+ комнатный частный дом на продажу,"Навоийская область, Навои",6+,8 сот.,8 м²,Черновая отделка,Кирпичный,160 000 у.е.
195,3-комнатная квартира в аренду,"город Ташкент, Яшнободский район, Городок Авиастроителей 4-й квартал",3,95 м²,2/11,Евроремонт,Кирпичный,1 500 у.е./мес.
196,2-комнатная квартира на продажу,"город Ташкент, Мирзо-Улугбекский район, Сайрам",2,69 м²,8/9,Кирпичный,Газоснабжение,87 500 у.е.
197,2-комнатная квартира в аренду,"город Ташкент, Яккасарайский район, Шота Руставели",2,60 м²,2/9,Средний,Панельный,650 у.е./мес.
198,3-комнатная квартира в аренду,"город Ташкент, Яккасарайский район, Шота Руставели",3,78 м²,2/3,Евроремонт,Кирпичный,900 у.е./мес.
199,1-комнатная квартира на продажу,"город Ташкент, Чиланзарский район",1,45 м²,6/8,Евроремонт,Кирпичный,55 000 у.е.
200,2-комнатная квартира в аренду,"город Ташкент, Яккасарайский район, Шота Руставели",2,55 м²,3/5,Черновая отделка,Кирпичный,600 у.е./мес.
201,3-комнатная квартира на продажу,"город Ташкент, Яккасарайский район",3,130 м²,12/16,Холодильник,Газоснабжение,150 000 у.е.
202,3-комнатная квартира на продажу,"город Ташкент, Шайхантахурский район, Караташ",3,80 м²,9/12,Средний,Другое,71 000 у.е.
203,2-комнатная квартира в аренду,"город Ташкент, Яккасарайский район, Мукими",2,57 м²,3/4,Евроремонт,Кирпичный,600 у.е./мес.
204,2-комнатная квартира в аренду,"город Ташкент, Яккасарайский район, Мукими",2,45 м²,4/4,Евроремонт,Холодильник,700 у.е./мес.
205,2-комнатная квартира в аренду,"город Ташкент, Мирабадский район, Фаровон",2,75 м²,7/9,Евроремонт,Панельный,1 000 у.е./мес.
206,2-комнатная квартира в аренду,"город Ташкент, Мирабадский район",2,66 м²,2/9,Евроремонт,Кирпичный,1 000 у.е./мес.
207,2-комнатная квартира в аренду,"город Ташкент, Мирзо-Улугбекский район, Буюк Ипак йули",2,50 м²,2/4,Евроремонт,Кирпичный,550 у.е./мес.
208,3-комнатная квартира в аренду,"город Ташкент, Олмазорский район",3,85 м²,7/9,Евроремонт,Кирпичный,800 у.е./мес.
209,2-комнатная квартира на продажу,"город Ташкент, Яккасарайский район, Мухандислар",2,91 м²,4/10,Евроремонт,Кирпичный,164 000 у.е.
210,3-комнатная квартира в аренду,"город Ташкент, Шайхантахурский район, Международный деловой центр Tashkent City",3,110 м²,5/9,Евроремонт,Кирпичный,1 700 у.е./мес.
211,3-комнатная квартира на продажу,"город Ташкент, Мирабадский район, Мирабад",3,90 м²,1/4,Черновая отделка,Кирпичный,135 000 у.е.
212,2-комнатная квартира в аренду,"город Ташкент, Яшнободский район, Махтумкули",2,55 м²,6/9,Евроремонт,Панельный,700 у.е./мес.
213,4-комнатная квартира в аренду,"город Ташкент, Шайхантахурский район, Международный деловой центр Tashkent City",4,130 м²,5/5,Черновая отделка,Кирпичный,700 у.е./мес.
214,4-комнатная квартира в аренду,"город Ташкент, Юнусабадский район, Кашгар",4,120 м²,4/7,Евроремонт,Кирпичный,1 500 у.е./мес.
215,2-комнатная квартира в аренду,"город Ташкент, Шайхантахурский район, жилой комплекс Boulevard Международный деловой центр Tashkent City",2,75 м²,3/7,Евроремонт,Кирпичный,1 500 у.е./мес.
216,2-комнатная квартира на продажу,"город Ташкент, Яккасарайский район",2,60 м²,2/4,Черновая отделка,Кирпичный,69 000 у.е.
217,Жилой земельный участок на продажу,"город Ташкент, Яшнободский район",4 300 сот.,,,,,80 000 у.е.
218,2-комнатная квартира в аренду,"город Ташкент, Чиланзарский район",2,50 м²,2/4,Евроремонт,Панельный,600 у.е./мес.
219,1-комнатная квартира на продажу,"город Ташкент, Учтепинский район",1,38 м²,1/4,Черновая отделка,Другое,38 000 у.е.
220,2-комнатная квартира в аренду,"город Ташкент, Яшнободский район, Махтумкули",2,75 м²,9/9,Евроремонт,Кирпичный,800 у.е./мес.
221,3-комнатная квартира в аренду,"город Ташкент, Олмазорский район, Джами",3,70 м²,2/2,Черновая отделка,Кирпичный,500 у.е./мес.
222,4-комнатная квартира на продажу,"город Ташкент, Учтепинский район",4,140 м²,2/4,Черновая отделка,Панельный,130 000 у.е.
223,3-комнатная квартира на продажу,"город Ташкент, Учтепинский район",3,71 м²,5/7,Евроремонт,Кирпичный,82 500 у.е.
224,3-комнатная квартира на продажу,"город Ташкент, Яккасарайский район, Шота Руставели",3,82 м²,3/7,Евроремонт,Кирпичный,99 000 у.е.
225,6+ комнатный частный дом на продажу,"город Ташкент, Юнусабадский район",6+,6 сот.,200 м²,Черновая отделка,Кирпичный,270 000 у.е.
226,4-комнатная квартира на продажу,"город Ташкент, Мирабадский район, жилой комплекс Greenwich",4,126 м²,5/8,Евроремонт,Кирпичный,168 000 у.е.
227,4-комнатная дача на продажу,"Ташкентская область, Кибрайский район, отделение № 1 совхоза Кибрай",4,12 сот.,1 200 м²,Парковочное место,Телефонная линия,120 000 у.е.
228,2-комнатная квартира на продажу,"город Ташкент, Юнусабадский район, Юнусабад-4",2,52 м²,1/4,Средний,Кирпичный,55 500 у.е.
229,4-комнатный частный дом на продажу,"Ташкентская область, Кибрайский район, городской посёлок Арген",4,6 сот.,80 м²,Требует ремонта,Кирпичный,80 000 у.е.
230,2-комнатная квартира в аренду,"город Ташкент, Юнусабадский район, Юнусабад 12-й квартал",2,60 м²,2/4,Средний,,350 у.е./мес.
231,4-комнатная квартира на продажу,"город Ташкент, Юнусабадский район",4,110 м²,3/4,Евроремонт,Кирпичный,180 000 у.е.
232,3-комнатная квартира на продажу,"город Ташкент, Мирабадский район, Афросиёб",3,72 м²,2/3,Средний,Кирпичный,125 000 у.е.
233,2-комнатный частный дом на продажу,"Ташкентская область, Кибрайский район, городской посёлок Салар",2,5.8 сот.,50 м²,Средний,Кирпичный,49 500 у.е.
234,Бизнес на продажу,"город Ташкент, Яшнободский район, Боткина",100 м²,Евроремонт,Парковочное место,Мебель,Телефонная линия,165 000 у.е.
235,6+ комнатный частный дом на продажу,"Ташкентская область, Кибрайский район, населённый пункт Отделение № 2 совхоза № 6",6+,7 сот.,133 м²,Средний,Кирпичный,75 000 у.е.
236,3-комнатная квартира на продажу,"город Ташкент, Мирабадский район, жилой комплекс Greenwich",3,90 м²,7/8,Черновая отделка,Кирпичный,125 000 у.е.
237,Бизнес на продажу,"город Ташкент, Мирзо-Улугбекский район, Олой",135 м²,Евроремонт,Парковочное место,Газоснабжение,Канализация,135 000 у.е.
238,Бизнес на продажу,"город Ташкент, Чиланзарский район, Аль-Хорезми-2",72 м²,Черновая отделка,Панельный,,,87 000 у.е.
239,3-комнатная квартира в аренду,"город Ташкент, Мирабадский район, Инокобод",3,90 м²,3/7,Евроремонт,Кирпичный,750 у.е./мес.
240,4-комнатный частный дом на продажу,"Ташкентская область, Кибрайский район, городской посёлок Кибрай",4,6.25 сот.,106 м²,Средний,Кирпичный,57 000 у.е.
241,6+ комнатный частный дом на продажу,"город Ташкент, Шайхантахурский район, Орифон",6+,2 сот.,240 м²,Средний,Санузел раздельный,250 000 у.е.
242,4-комнатная квартира в аренду,"город Ташкент, Юнусабадский район, Киёт",4,90 м²,4/4,Евроремонт,Кирпичный,1 000 у.е./мес.
243,4-комнатная квартира на продажу,"город Ташкент, Шайхантахурский район, Урда",4,100 м²,5/5,Евроремонт,Панельный,81 900 у.е.
244,Офис на продажу,"город Ташкент, Шайхантахурский район, Самарканд Дарвоза",105 м²,1/9,Черновая отделка,Монолитный,Лифт,21 000 000 у.е.
245,3-комнатная квартира в аренду,"город Ташкент, Юнусабадский район, Киёт",3,100 м²,7/9,Евроремонт,Кирпичный,1 500 у.е./мес.
246,2-комнатная квартира в аренду,"город Ташкент, Яшнободский район, Махтумкули",2,50 м²,7/9,Евроремонт,Кирпичный,750 у.е./мес.
247,2-комнатная квартира в аренду,"город Ташкент, Яккасарайский район, Кичик Бешагач",2,55 м²,3/5,Черновая отделка,Кирпичный,800 у.е./мес.
248,4-комнатная квартира в аренду,"город Ташкент, Юнусабадский район, Киёт",4,97 м²,2/4,Евроремонт,Кирпичный,1 500 у.е./мес.
249,4-комнатная квартира в аренду,"город Ташкент, Юнусабадский район, Киёт",4,130 м²,7/9,Монолитный,Лифт,1 200 у.е./мес.
250,2-комнатная квартира в аренду,"город Ташкент, Юнусабадский район",2,47 м²,5/9,Черновая отделка,Монолитный,600 у.е./мес.
251,3-комнатная квартира в аренду,"город Ташкент, Яшнободский район, Машинасозлар",3,70 м²,7/8,Евроремонт,Кирпичный,1 000 у.е./мес.
252,3-комнатная квартира в аренду,"город Ташкент, Юнусабадский район, Минор",3,65 м²,2/4,Евроремонт,Кирпичный,650 у.е./мес.
253,3-комнатная квартира на продажу,"город Ташкент, Мирабадский район, Сайхун",3,72 м²,2/9,Евроремонт,Панельный,66 000 у.е.
254,3-комнатная квартира в аренду,"город Ташкент, Яшнободский район",3,80 м²,6/9,Черновая отделка,Панельный,750 у.е./мес.
255,3-комнатная квартира на продажу,"город Ташкент, Мирабадский район, Инокобод",3,60 м²,1/7,Лифт,Парковочное место,65 000 у.е.
256,2-комнатная квартира в аренду,"город Ташкент, Яшнободский район, Паркент",2,55 м²,1/5,Евроремонт,Кирпичный,650 у.е./мес.
257,3-комнатная квартира на продажу,"город Ташкент, Мирзо-Улугбекский район",3,75 м²,4/4,Требует ремонта,Кирпичный,58 000 у.е.
258,6+ комнатная квартира в аренду,"город Ташкент, Мирзо-Улугбекский район",6+,115 м²,5/5,Панельный,Санузел раздельный,700 у.е./мес.
259,2-комнатная квартира в аренду,"город Ташкент, Мирзо-Улугбекский район, Буюк Ипак йули",2,41 м²,4/5,Евроремонт,Кирпичный,600 у.е./мес.
260,3-комнатная квартира в аренду,"город Ташкент, Мирзо-Улугбекский район, Буюк Ипак Йули",3,80 м²,7/8,Евроремонт,Кирпичный,1 800 у.е./мес.
261,3-комнатная квартира в аренду,"город Ташкент, Юнусабадский район, Кашкар",3,66 м²,6/9,Евроремонт,Монолитный,800 у.е./мес.
262,4-комнатная квартира на продажу,"город Ташкент, Учтепинский район",4,140 м²,2/4,Черновая отделка,Кирпичный,130 000 у.е.
263,4-комнатная квартира на продажу,"город Ташкент, Чиланзарский район",4,86 м²,2/9,Черновая отделка,Панельный,99 000 у.е.
264,3-комнатная квартира на продажу,"город Ташкент, Шайхантахурский район, Международный деловой центр Tashkent City",3,104 м²,6/7,Евроремонт,Кирпичный,320 000 у.е.
265,1-комнатная квартира в аренду,"город Ташкент, Яккасарайский район, Абдуллы Каххара",1,29 м²,3/4,Кирпичный,,325 у.е./мес.
266,2-комнатная квартира в аренду,"город Ташкент, Мирзо-Улугбекский район, Городок Тракторостроителей 1-й квартал",2,36 м²,4/4,Черновая отделка,Кирпичный,220 у.е./мес.
267,2-комнатная квартира на продажу,"город Ташкент, Шайхантахурский район, Коратош",2,40 м²,5/5,Евроремонт,Панельный,46 000 у.е.
268,1-комнатная квартира в аренду,"город Ташкент, Чиланзарский район",1,40 м²,2/5,Черновая отделка,Телефонная линия,500 у.е./мес.
269,3-комнатная квартира в аренду,"город Ташкент, Юнусабадский район, Юнусабад 4-й квартал",3,120 м²,8/9,Евроремонт,Кирпичный,1 350 у.е./мес.
270,6+ комнатный частный дом на продажу,"город Ташкент, Учтепинский район, Тукимачи",6+,3.2 сот.,200 м²,Телефонная линия,Водоснабжение,130 000 у.е.
271,Не жилой земельный участок на продажу,"город Ташкент, Чиланзарский район",1.7 сот.,Водоснабжение,Парковочное место,,,55 000 у.е.
272,4-комнатная квартира на продажу,"город Ташкент, Яккасарайский район",4,112 м²,3/12,Черновая отделка,Кирпичный,95 000 у.е.
273,6+ комнатный частный дом на продажу,"город Ташкент, Шайхантахурский район",6+,3.8 сот.,400 м²,Евроремонт,Кирпичный,245 000 у.е.
274,3-комнатная квартира в аренду,"город Ташкент, Шайхантахурский район",3,110 м²,5/8,Евроремонт,,2 500 у.е./мес.
275,Бизнес на продажу,"город Ташкент, Чиланзарский район",80 м²,1/3,Требует ремонта,Кирпичный,,240 000 у.е.
276,2-комнатная квартира на продажу,"город Ташкент, Олмазорский район",2,58 м²,1/4,Черновая отделка,Другое,58 000 у.е.
277,2-комнатная квартира в аренду,"город Ташкент, Мирзо-Улугбекский район",2,60 м²,4/5,Евроремонт,Кирпичный,900 у.е./мес.
278,2-комнатная квартира на продажу,"город Ташкент, Мирзо-Улугбекский район",2,48 м²,3/7,Евроремонт,Кирпичный,61 500 у.е.
279,3-комнатная квартира в аренду,"город Ташкент, Мирабадский район",3,105 м²,2/9,Евроремонт,Кирпичный,2 000 у.е./мес.
280,3-комнатная квартира в аренду,"город Ташкент, Мирабадский район, Айбека",3,90 м²,8/16,Евроремонт,Панельный,2 000 у.е./мес.
281,1-комнатная квартира в аренду,"город Ташкент, Мирабадский район",1,30 м²,2/12,Евроремонт,,1 000 у.е./мес.
282,4-комнатная квартира на продажу,"город Ташкент, Олмазорский район, Тахтапуль",4,136.63 м²,9/11,Требует ремонта,Монолитный,120 000 у.е.
283,3-комнатная квартира в аренду,"город Ташкент, Юнусабадский район",3,192 м²,9/9,Евроремонт,Лифт,1 000 у.е./мес.
284,4-комнатная квартира на продажу,"город Ташкент, Шайхантахурский район, Белтепа",4,100 м²,5/9,Черновая отделка,Панельный,90 000 у.е.
285,3-комнатная квартира в аренду,"город Ташкент, Шайхантахурский район, Международный деловой центр Tashkent City",3,78 м²,3/9,Евроремонт,Монолитный,700 у.е./мес.
286,4-комнатная квартира на продажу,"город Ташкент, Шайхантахурский район, Бешагач",4,199 м²,9/9,Требует ремонта,Кирпичный,140 000 у.е.
287,3-комнатная квартира в аренду,"город Ташкент, Яшнободский район",3,90 м²,3/7,Евроремонт,Кирпичный,800 у.е./мес.
288,6+ комнатная квартира на продажу,"город Ташкент, Мирзо-Улугбекский район, Паркент",6+,200 м²,7/7,Холодильник,Газоснабжение,199 999 у.е.
289,3-комнатная квартира в аренду,"город Ташкент, Юнусабадский район, Юнусабад 11-й квартал",3,48 м²,1/4,Средний,Панельный,600 у.е./мес.
290,4-комнатная квартира на продажу,"город Ташкент, Мирзо-Улугбекский район, Буюк Ипак Йули",4,110 м²,3/4,Евроремонт,Кирпичный,175 900 у.е.
291,2-комнатная квартира в аренду,"город Ташкент, Чиланзарский район, Мукими",2,57 м²,3/4,Евроремонт,Кирпичный,600 у.е./мес.
292,2-комнатная квартира в аренду,"город Ташкент, Чиланзарский район",2,43 м²,1/4,Черновая отделка,Панельный,450 у.е./мес.
293,1-комнатная квартира на продажу,"город Ташкент, Шайхантахурский район",1,39 м²,1/4,Требует ремонта,Панельный,45 000 у.е.
294,2-комнатная квартира на продажу,"город Ташкент, Юнусабадский район, Юнусабад-6",2,60 м²,4/4,Черновая отделка,,42 500 у.е.
295,2-комнатная квартира в аренду,"город Ташкент, Юнусабадский район, Шарафа Рашидова",2,50 м²,3/4,Евроремонт,Телефонная линия,1 100 у.е./мес.
296,4-комнатная квартира на продажу,"город Ташкент, Шайхантахурский район, Международный деловой центр Tashkent City",4,98 м²,6/7,Евроремонт,Монолитный,295 000 у.е.
297,3-комнатная квартира на продажу,"город Ташкент, Яккасарайский район, Шота Руставели",3,76 м²,5/12,Евроремонт,Кирпичный,95 000 у.е.
298,2-комнатная квартира в аренду,"город Ташкент, Шайхантахурский район, Урда",2,50 м²,3/4,Черновая отделка,Холодильник,600 у.е./мес.
299,4-комнатная квартира на продажу,"город Ташкент, Шайхантахурский район, Самарканд Дарвоза",4,94 м²,5/12,Средний,Монолитный,90 000 у.е.
300,2-комнатная квартира на продажу,"город Ташкент, Яккасарайский район, Камила Яшина",2,54 м²,9/10,Требует ремонта,Кирпичный,48 000 у.е.
301,3-комнатная квартира в аренду,"город Ташкент, Мирабадский район",3,70 м²,1/4,Парковочное место,Холодильник,650 у.е./мес.
302,3-комнатная квартира на продажу,"город Ташкент, Шайхантахурский район",3,108 м²,7/7,Средний,Кирпичный,210 000 у.е.
303,3-комнатная квартира на продажу,"город Ташкент, Учтепинский район, Богистон",3,67 м²,5/5,Евроремонт,Кирпичный,68 000 у.е.
304,Здание в аренду,"город Ташкент, Мирабадский район, Госпитальный",1 000 м²,Телефонная линия,Охрана,Видеонаблюдение,Водоснабжение,23 000 у.е./мес.
305,1-комнатная квартира на продажу,"город Ташкент, Юнусабадский район, Юнусабад-17",1,42 м²,5/5,Евроремонт,Панельный,55 000 у.е.
306,3-комнатная квартира на продажу,"город Ташкент, Яшнободский район, Махтумкули",3,78 м²,3/9,Евроремонт,Кирпичный,82 500 у.е.
307,3-комнатная квартира в аренду,"город Ташкент, Мирабадский район, Тараса Шевченко",3,105 м²,2/9,Евроремонт,Кирпичный,2 000 у.е./мес.
308,Комната в аренду,"город Ташкент, Яккасарайский район",40 м²,2/3,Евроремонт,Кирпичный,Кондиционер,17.48 у.е./сут.
309,1-комнатная квартира на продажу,"город Ташкент, Мирабадский район, Абдурауфа Фитрата",1,45 м²,2/4,Средний,Кирпичный,42 000 у.е.
310,3-комнатная квартира в аренду,"город Ташкент, Шайхантахурский район, Самарканд Дарвоза",3,65 м²,1/4,Черновая отделка,Кирпичный,700 у.е./мес.
311,1-комнатная квартира на продажу,"город Ташкент, Чиланзарский район",1,38 м²,1/5,Средний,Кирпичный,48 000 у.е.
312,4-комнатная квартира на продажу,"город Ташкент, Яккасарайский район",4,90 м²,4/6,Требует ремонта,Кирпичный,95 000 у.е.
313,2-комнатная квартира на продажу,"город Ташкент, Мирзо-Улугбекский район, Буюк Ипак Йули",2,47 м²,3/5,Черновая отделка,Санузел раздельный,54 000 у.е.
314,Офис в аренду,"город Ташкент, Мирабадский район, Афросиаб",1,24 м²,1/4,Евроремонт,Другое,469.12 у.е./мес.
315,2-комнатная квартира на продажу,"город Ташкент, Мирзо-Улугбекский район, Феруза-3",2,50 м²,2/4,Черновая отделка,Панельный,42 000 у.е.
316,2-комнатная квартира на продажу,"город Ташкент, Мирзо-Улугбекский район, карасу-6",2,59 м²,4/9,Черновая отделка,Панельный,57 500 у.е.
317,3-комнатная квартира на продажу,"город Ташкент, Чиланзарский район",3,65 м²,3/4,Евроремонт,Кирпичный,65 000 у.е.
318,3-комнатная квартира на продажу,"город Ташкент, Мирзо-Улугбекский район, Буз-1",3,68 м²,1/4,Черновая отделка,Санузел раздельный,80 000 у.е.
319,3-комнатная квартира в аренду,"город Ташкент, Олмазорский район, Янги Олмазор",3,76 м²,4/9,Евроремонт,Кирпичный,900 у.е./мес.
320,2-комнатная квартира на продажу,"город Ташкент, Чиланзарский район",2,42 м²,2/4,Черновая отделка,Панельный,56 500 у.е.
321,2-комнатная квартира в аренду,"город Ташкент, Яшнободский район, Дустобод",2,450 м²,4/5,Средний,Панельный,350 у.е./мес.
322,1-комнатная квартира на продажу,"город Ташкент, Мирзо-Улугбекский район, Улугбек",1,33 м²,1/4,Черновая отделка,Кирпичный,34 000 у.е.
323,1-комнатная квартира на продажу,"город Ташкент, Мирзо-Улугбекский район",1,28 м²,3/4,Черновая отделка,Кирпичный,38 500 у.е.
324,3-комнатная квартира на продажу,"город Ташкент, Мирзо-Улугбекский район, Ялангач",3,63 м²,1/4,Черновая отделка,Панельный,62 500 у.е.
325,3-комнатная квартира на продажу,"город Ташкент, Яшнободский район, Ташсельмаш",3,75 м²,3/4,Черновая отделка,Водоснабжение,65 000 у.е.
326,3-комнатная квартира на продажу,"город Ташкент, Шайхантахурский район",3,145 м²,2/4,Средний,Кирпичный,145 000 у.е.
327,4-комнатная квартира на продажу,"город Ташкент, Учтепинский район",4,78 м²,1/4,Черновая отделка,Панельный,76 000 у.е.
328,4-комнатная квартира на продажу,"город Ташкент, Шайхантахурский район, Международный деловой центр Tashkent City",4,150 м²,7/7,Евроремонт,Кирпичный,300 000 у.е.
329,3-комнатная квартира в аренду,"город Ташкент, Олмазорский район, Янги Олмазор",3,70 м²,5/9,Евроремонт,Монолитный,800 у.е./мес.
330,6+ комнатный частный дом на продажу,"город Ташкент, Шайхантахурский район, Чорсу",6+,2 сот.,300 м²,Евроремонт,Кирпичный,220 000 у.е.
331,6+ комнатный частный дом на продажу,"город Ташкент, Чиланзарский район, Мукими",6+,2.5 сот.,250 м²,Евроремонт,Парковочное место,270 000 у.е.
332,6+ комнатная квартира на продажу,"город Ташкент, Олмазорский район",6+,157 м²,4/4,Средний,Кирпичный,109 000 у.е.
333,2-комнатная квартира на продажу,"город Ташкент, Учтепинский район",2,50 м²,1/4,Черновая отделка,Панельный,55 000 у.е.
334,2-комнатная квартира в аренду,"город Ташкент, Мирабадский район",2,50 м²,3/5,Черновая отделка,Кирпичный,600 у.е./мес.
335,3-комнатная квартира в аренду,"город Ташкент, Учтепинский район, Чиланзар 25-й квартал",3,65 м²,2/4,Евроремонт,Кирпичный,600 у.е./мес.
336,6+ комнатный частный дом на продажу,"город Ташкент, Сергелийский район",6+,2 сот.,133.1 м²,Евроремонт,Кирпичный,106 000 у.е.
337,Бизнес на продажу,"город Ташкент, Учтепинский район, Чиланзар 25-й квартал",100 м²,1/4,Средний,Панельный,Телефонная линия,100 000 у.е.
338,1-комнатная квартира в аренду,"город Ташкент, Мирабадский район, Чимкент",1,40 м²,3/4,Черновая отделка,Кирпичный,600 у.е./мес.
339,4-комнатная квартира на продажу,"город Ташкент, Мирзо-Улугбекский район, Дархан",4,100 м²,1/9,Евроремонт,Панельный,200 000 у.е.
340,4-комнатная квартира на продажу,"город Ташкент, Мирзо-Улугбекский район, Дархан",4,116 м²,9/10,Евроремонт,Кирпичный,200 000 у.е.
341,2-комнатная квартира в аренду,"город Ташкент, Яккасарайский район",2,65 м²,8/9,Евроремонт,Кирпичный,1 200 у.е./мес.
342,3-комнатная квартира на продажу,"город Ташкент, Юнусабадский район, Юнусабад-12",3,67 м²,2/4,Черновая отделка,Панельный,59 900 у.е.
343,2-комнатная квартира на продажу,"город Ташкент, Яккасарайский район, махалля Ракатбоши, 4-й Каракумский проезд",2,62 м²,2/10,Евроремонт,Кирпичный,83 000 у.е.
344,2-комнатная квартира в аренду,"город Ташкент, Шайхантахурский район",2,75 м²,7/9,Евроремонт,Лифт,600 у.е./мес.
345,4-комнатный частный дом в аренду,"город Ташкент, Чиланзарский район",4,6.5 сот.,650 м²,Черновая отделка,Телефонная линия,1 200 у.е./мес.
346,3-комнатная квартира в аренду,"город Ташкент, Мирабадский район, Мингурик",3,120 м²,5/9,Евроремонт,Кирпичный,1 400 у.е./мес.
347,4-комнатная квартира на продажу,"город Ташкент, Шайхантахурский район",4,96 м²,4/5,Черновая отделка,Другое,75 000 у.е.
348,3-комнатная квартира на продажу,"город Ташкент, Яшнободский район, Дустобод",3,78 м²,3/10,Евроремонт,Кирпичный,84 000 у.е.
349,3-комнатная квартира на продажу,"город Ташкент, Шайхантахурский район, Международный деловой центр Tashkent City",3,90 м²,5/8,Требует ремонта,Кирпичный,208 000 у.е.
350,Не жилой земельный участок на продажу,"город Ташкент, Учтепинский район, Чиланзар 21-й квартал",24 сот.,Парковочное место,,,,600 000 у.е.
351,3-комнатная квартира на продажу,"город Ташкент, Шайхантахурский район, Международный деловой центр Tashkent City",3,90 м²,7/8,Средний,Кирпичный,255 000 у.е.
352,Бизнес на продажу,"Ферганская область, Маргилан, Маргилан",Санузел раздельный,Канализация,,,,120 000 у.е.
353,3-комнатная квартира в аренду,"город Ташкент, Яшнободский район",3,55 м²,2/9,Евроремонт,Кирпичный,600 у.е./мес.
354,3-комнатная квартира в аренду,"город Ташкент, Мирабадский район",3,70 м²,1/4,Евроремонт,Кирпичный,650 у.е./мес.
355,6+ комнатный частный дом на продажу,"город Ташкент, Яшнободский район",6+,3 сот.,480 м²,3,Евроремонт,370 000 у.е.
356,2-комнатная квартира на продажу,"город Ташкент, Мирзо-Улугбекский район, Буюк Ипак йули",2,49 м²,2/8,Требует ремонта,Кирпичный,46 000 у.е.
357,3-комнатная квартира на продажу,"город Ташкент, Яккасарайский район, Мухандислар",3,81 м²,2/9,Евроремонт,Кирпичный,160 000 у.е.
358,3-комнатная квартира в аренду,"город Ташкент, Шайхантахурский район, Камолон",3,75 м²,5/9,Евроремонт,Кирпичный,700 у.е./мес.
359,3-комнатная квартира в аренду,"город Ташкент, Мирзо-Улугбекский район, Буюк Ипак Йули",3,68 м²,8/9,Евроремонт,Панельный,1 000 у.е./мес.
360,4-комнатная квартира в аренду,"город Ташкент, Яшнободский район, Махтумкули",4,95 м²,8/8,Евроремонт,Кирпичный,1 500 у.е./мес.
361,4-комнатная квартира на продажу,"город Ташкент, Юнусабадский район, Юнусабад-13",4,80 м²,4/4,Черновая отделка,,59 900 у.е.
362,6+ комнатный частный дом на продажу,"город Ташкент, Юнусабадский район, Тухтасина Жалилова",6+,5.7 сот.,242 м²,Средний,Кирпичный,190 000 у.е.
363,2-комнатная квартира на продажу,"город Ташкент, Шайхантахурский район, Международный деловой центр Tashkent City",2,52 м²,3/7,Евроремонт,Кирпичный,145 000 у.е.
364,3-комнатная квартира на продажу,"город Ташкент, Учтепинский район",3,78 м²,3/4,Средний,Монолитный,83 000 у.е.
365,3-комнатная квартира в аренду,"город Ташкент, Яккасарайский район, Нукус",3,80 м²,3/4,Евроремонт,Кирпичный,800 у.е./мес.
366,3-комнатная квартира в аренду,"город Ташкент, Яккасарайский район, Бабура",3,70 м²,3/12,Панельный,Лифт,600 у.е./мес.
367,4-комнатная квартира на продажу,"город Ташкент, Мирзо-Улугбекский район, Буюк Ипак Йули",4,110 м²,3/4,Евроремонт,Кирпичный,179 900 у.е.
368,2-комнатная квартира в аренду,"город Ташкент, Яккасарайский район, Шота Руставели",2,60 м²,2/9,Евроремонт,Кирпичный,500 у.е./мес.
369,Жилой земельный участок на продажу,"город Ташкент, Мирзо-Улугбекский район",2 сот.,,,,,120 000 у.е.
370,2-комнатная квартира на продажу,"город Ташкент, Шайхантахурский район, Международный деловой центр Tashkent City",2,68 м²,7/8,Требует ремонта,Кирпичный,180 000 у.е.
371,3-комнатная квартира на продажу,"город Ташкент, Яккасарайский район, Ракат",3,78 м²,4/4,Черновая отделка,Кирпичный,70 500 у.е.
372,4-комнатная квартира на продажу,"город Ташкент, Олмазорский район",4,80 м²,4/5,Черновая отделка,Монолитный,115 000 у.е.
373,3-комнатная квартира на продажу,"город Ташкент, Олмазорский район",3,70 м²,4/4,Евроремонт,Панельный,58 000 у.е.
374,6+ комнатная квартира на продажу,"город Ташкент, Олмазорский район",6+,92 м²,4/5,Евроремонт,Кирпичный,110 000 у.е.
375,4-комнатная квартира на продажу,"город Ташкент, Олмазорский район",4,113 м²,5/9,Средний,Панельный,140 000 у.е.
376,3-комнатная квартира на продажу,"город Ташкент, Учтепинский район",3,75 м²,4/9,Черновая отделка,Панельный,68 000 у.е.
377,3-комнатная квартира на продажу,"город Ташкент, Учтепинский район, Чиланзар 11-й квартал",3,65 м²,3/4,Черновая отделка,Панельный,68 000 у.е.
378,3-комнатная квартира на продажу,"город Ташкент, Олмазорский район",3,72 м²,6/9,Черновая отделка,Панельный,76 000 у.е.
379,3-комнатная квартира на продажу,"город Ташкент, Олмазорский район",3,72 м²,9/9,Евроремонт,Панельный,74 000 у.е.
380,2-комнатная квартира на продажу,"город Ташкент, Олмазорский район",2,75 м²,3/7,Средний,Кирпичный,129 000 у.е.
381,3-комнатная квартира на продажу,"город Ташкент, Мирзо-Улугбекский район",3,67 м²,2/4,Средний,Кирпичный,66 500 у.е.
382,3-комнатная квартира на продажу,"город Ташкент, Яшнободский район",3,69 м²,3/4,Кирпичный,Кондиционер,66 000 у.е.
383,Бизнес в аренду,"город Ташкент, Чиланзарский район",53 м²,Требует ремонта,Кирпичный,Парковочное место,Водоснабжение,400 у.е./мес.
384,1-комнатная квартира в аренду,"город Ташкент, Чиланзарский район",1,30 м²,1/4,Евроремонт,Панельный,400 у.е./мес.
385,2-комнатная квартира на продажу,"город Ташкент, Сергелийский район",2,60 м²,5/9,Средний,Монолитный,44 000 у.е.
386,Офис в аренду,"город Ташкент, Чиланзарский район",2,60 м²,1/4,Черновая отделка,Панельный,700 у.е./мес.
387,3-комнатная квартира в аренду,"город Ташкент, Учтепинский район",3,68 м²,4/5,Черновая отделка,Кирпичный,500 у.е./мес.
388,1-комнатная квартира в аренду,"город Ташкент, Чиланзарский район",1,30 м²,9/9,Евроремонт,Монолитный,500 у.е./мес.
389,2-комнатная квартира на продажу,"город Ташкент, Чиланзарский район, Чиланзар 2-й квартал",2,46 м²,1/4,Евроремонт,Панельный,55 000 у.е.
390,2-комнатная квартира на продажу,"город Ташкент, Чиланзарский район, Чиланзар 6-й квартал",2,48 м²,2/4,Евроремонт,Панельный,56 000 у.е.
391,2-комнатная квартира на продажу,"город Ташкент, Чиланзарский район",2,47 м²,4/4,Средний,Панельный,44 800 у.е.
392,2-комнатная квартира на продажу,"город Ташкент, Чиланзарский район",2,64 м²,4/4,Черновая отделка,Кирпичный,54 800 у.е.
393,2-комнатная квартира в аренду,"город Ташкент, Мирзо-Улугбекский район",2,85 м²,7/9,Евроремонт,Кирпичный,1 000 у.е./мес.
394,6+ комнатный частный дом на продажу,"Сурхандарьинская область, Денауский район",6+,5 сот.,500 м²,Евроремонт,Кирпичный,45 000 у.е.
395,3-комнатная квартира на продажу,"город Ташкент, Мирзо-Улугбекский район, Оккургон",3,75 м²,2/4,Требует ремонта,,83 500 у.е.
396,3-комнатный частный дом в аренду,"город Ташкент, Яшнободский район",3,1 сот.,130 м²,Черновая отделка,Кирпичный,300 у.е./мес.
397,6+ комнатный частный дом на продажу,"Хорезмская область, Гурленский район",6+,6 сот.,600 м²,Требует ремонта,Кирпичный,31 000 у.е.
398,4-комнатная квартира в аренду,"город Ташкент, Яшнободский район",4,130 м²,5/9,Евроремонт,Кирпичный,1 800 у.е./мес.
399,3-комнатная квартира в аренду,"город Ташкент, Юнусабадский район",3,80 м²,4/5,Евроремонт,Кирпичный,750 у.е./мес.
400,2-комнатная квартира в аренду,"город Ташкент, Мирзо-Улугбекский район",2,50 м²,5/5,Средний,Кирпичный,350 у.е./мес.
401,2-комнатная квартира в аренду,"город Ташкент, Мирабадский район, ЦУМ",2,60 м²,8/9,Евроремонт,Лифт,800 у.е./мес.
402,2-комнатная квартира в аренду,"город Ташкент, Мирзо-Улугбекский район",2,62 м²,2/9,Евроремонт,Кирпичный,800 у.е./мес.
403,3-комнатная квартира в аренду,"город Ташкент, Яккасарайский район",3,80 м²,7/12,Евроремонт,Парковочное место,600 у.е./мес.
404,1-комнатная квартира в аренду,"город Ташкент, Мирабадский район",1,32 м²,2/4,Черновая отделка,Кирпичный,400 у.е./мес.
405,4-комнатная квартира на продажу,"город Ташкент, Шайхантахурский район, Фурката",4,98 м²,6/7,Евроремонт,Монолитный,290 000 у.е.
406,2-комнатная квартира на продажу,"город Ташкент, Яшнободский район, Олмос",2,53 м²,6/9,Требует ремонта,Кирпичный,44 000 у.е.
407,2-комнатная квартира на продажу,"город Ташкент, Учтепинский район",2,50 м²,3/4,Евроремонт,Кирпичный,57 000 у.е.
408,4-комнатная квартира на продажу,"город Ташкент, Мирабадский район, Фидокор",4,200 м²,8/8,Евроремонт,Кирпичный,169 999 у.е.
409,2-комнатная квартира на продажу,"город Ташкент, Учтепинский район, Чиланзар 12-й квартал",2,48 м²,3/4,Черновая отделка,Панельный,57 500 у.е.
410,Жилой земельный участок на продажу,"город Ташкент, Мирзо-Улугбекский район",3.55 сот.,Телефонная линия,Водоснабжение,Канализация,Газоснабжение,70 000 у.е.
411,3-комнатная квартира на продажу,"город Ташкент, Олмазорский район",3,75 м²,5/5,Средний,Панельный,74 000 у.е.
412,3-комнатная квартира на продажу,"город Ташкент, Мирзо-Улугбекский район",3,74 м²,6/9,Средний,Кирпичный,117 990 у.е.
413,4-комнатная квартира на продажу,"город Ташкент, Олмазорский район, Себзар",4,97 м²,3/5,Евроремонт,Панельный,91 000 у.е.
414,Бизнес в аренду,"город Ташкент, Шайхантахурский район, Международный деловой центр Tashkent City",Парковочное место,Газоснабжение,Канализация,Водоснабжение,Видеонаблюдение,0 у.е./мес.
415,2-комнатная квартира на продажу,"город Ташкент, Мирабадский район, Айбека",2,56 м²,9/12,Евроремонт,Кирпичный,160 000 у.е.
416,3-комнатная квартира на продажу,"город Ташкент, Мирабадский район",3,79 м²,8/12,Евроремонт,Кирпичный,229 000 у.е.
417,2-комнатная квартира на продажу,"город Ташкент, Яшнободский район",2,65 м²,2/9,Лифт,Парковочное место,68 498 у.е.
418,3-комнатная квартира на продажу,"город Ташкент, Олмазорский район, Себзар",3,93 м²,7/9,Средний,Панельный,84 000 у.е.
419,4-комнатная квартира в аренду,"город Ташкент, Мирзо-Улугбекский район, Буюк Ипак Йули",4,120 м²,5/8,,,2 000 у.е./мес.
420,3-комнатная квартира на продажу,"город Ташкент, Олмазорский район",3,70 м²,4/8,Средний,Кирпичный,155 000 у.е.
421,6+ комнатная квартира на продажу,"город Ташкент, Олмазорский район, Сагбан",6+,132 м²,7/8,Евроремонт,Кирпичный,115 000 у.е.
422,3-комнатная квартира на продажу,"город Ташкент, Яккасарайский район, Мукими",3,91 м²,7/10,,,96 000 у.е.
423,2-комнатная квартира на продажу,"город Ташкент, Олмазорский район, Сагбан",2,82 м²,3/7,Евроремонт,Кирпичный,92 000 у.е.
424,1-комнатная квартира в аренду,"город Ташкент, Мирзо-Улугбекский район",1,30 м²,2/4,Евроремонт,Кирпичный,450 у.е./мес.
425,3-комнатная квартира на продажу,"город Ташкент, Мирабадский район, Фидокор",3,97 м²,9/9,Евроремонт,Панельный,115 000 у.е.
426,2-комнатная квартира в аренду,"город Ташкент, Олмазорский район",2,47 м²,2/4,Евроремонт,Кирпичный,450 у.е./мес.
427,4-комнатная квартира в аренду,"город Ташкент, Мирабадский район, Истикбол",4,165 м²,6/8,Евроремонт,,2 500 у.е./мес.
428,3-комнатная квартира на продажу,"город Ташкент, Мирабадский район, Кичик Бешагач",3,99 м²,5/9,Евроремонт,Кирпичный,145 000 у.е.
429,4-комнатная квартира в аренду,"город Ташкент, Мирабадский район, Мирабад",4,80 м²,1/4,Евроремонт,Кирпичный,1 300 у.е./мес.
430,1-комнатная квартира на продажу,"город Ташкент, Олмазорский район, Сагбан",1,44 м²,7/10,Требует ремонта,Кирпичный,37 000 у.е.
431,2-комнатная квартира в аренду,"город Ташкент, Яшнободский район, Мавлоно Риёзи",2,60 м²,9/9,Евроремонт,Кирпичный,1 000 у.е./мес.
432,3-комнатная квартира в аренду,"город Ташкент, Яккасарайский район, Абдуллы Каххара",3,70 м²,15/16,Евроремонт,Панельный,1 000 у.е./мес.
433,2-комнатная квартира в аренду,"город Ташкент, Яшнободский район, Мавлоно Риёзи",2,50 м²,5/8,Евроремонт,Кирпичный,800 у.е./мес.
434,2-комнатная квартира в аренду,"город Ташкент, Яккасарайский район, Афросиаб",2,55 м²,3/9,Евроремонт,Панельный,800 у.е./мес.
435,6+ комнатная квартира на продажу,"город Ташкент, Яшнободский район, Паркент",6+,176 м²,7/7,Евроремонт,Кирпичный,150 000 у.е.
436,2-комнатная квартира на продажу,"город Ташкент, Чиланзарский район, Чиланзар 7-й квартал",2,45 м²,3/4,Евроремонт,Панельный,60 000 у.е.
437,Бизнес в аренду,"город Ташкент, Шайхантахурский район, Международный деловой центр Tashkent City",1 000 сот.,1 000 м²,Кондиционер,Охрана,Санузел раздельный,8 000 у.е./мес.
438,2-комнатная квартира в аренду,"город Ташкент, Мирзо-Улугбекский район",2,76 м²,3/7,Евроремонт,Кирпичный,1 400 у.е./мес.
439,2-комнатная квартира на продажу,"город Ташкент, Яккасарайский район, Шота Руставели",2,54 м²,4/5,Евроремонт,Кирпичный,62 000 у.е.
440,4-комнатная квартира в аренду,"город Ташкент, Шайхантахурский район, Международный деловой центр Tashkent City",4,95 м²,4/8,Евроремонт,Кирпичный,2 300 у.е./мес.
441,4-комнатная квартира в аренду,"город Ташкент, Мирабадский район",4,80 м²,1/4,Евроремонт,Кирпичный,1 300 у.е./мес.
442,2-комнатная квартира в аренду,"город Ташкент, Яшнободский район",2,55 м²,6/9,Евроремонт,Кирпичный,700 у.е./мес.
443,Бизнес в аренду,"город Ташкент, Яккасарайский район, Юсуфа Хос Ходжиба",75 м²,Евроремонт,Кирпичный,,,1 600 у.е./мес.
444,6+ комнатная квартира на продажу,"город Ташкент, Мирзо-Улугбекский район, Ахмад Югнакий",6+,99 м²,5/5,Евроремонт,Другое,100 000 у.е.
445,2-комнатная квартира на продажу,"город Ташкент, Чиланзарский район, Чиланзар 7-й квартал",2,45 м²,3/4,Евроремонт,Панельный,61 000 у.е.
446,3-комнатная квартира в аренду,"город Ташкент, Чиланзарский район",3,90 м²,10/12,Черновая отделка,Монолитный,850 у.е./мес.
447,3-комнатная квартира в аренду,"город Ташкент, Мирабадский район, Госпитальный",3,80 м²,4/4,Черновая отделка,Кирпичный,800 у.е./мес.
448,2-комнатная квартира на продажу,"город Ташкент, Шайхантахурский район, Джангох",2,87 м²,5/8,Евроремонт,Кирпичный,180 000 у.е.
449,3-комнатная квартира на продажу,"город Ташкент, Яккасарайский район",3,88 м²,9/10,Евроремонт,Кирпичный,99 999 у.е.
450,2-комнатная квартира в аренду,"город Ташкент, Яшнободский район",2,40 м²,2/9,Черновая отделка,Холодильник,500 у.е./мес.
451,4-комнатная квартира в аренду,"город Ташкент, Яшнободский район",4,160 м²,1/5,Евроремонт,Кирпичный,1 500 у.е./мес.
452,4-комнатная квартира в аренду,"город Ташкент, Яккасарайский район, Абдуллы Каххара",4,160 м²,4/8,Евроремонт,,2 500 у.е./мес.
453,2-комнатная квартира на продажу,"город Ташкент, Шайхантахурский район",2,93 м²,3/7,Евроремонт,Кирпичный,132 000 у.е.
454,4-комнатная квартира в аренду,"город Ташкент, Мирабадский район, Шахрисабз",4,165 м²,6/8,Евроремонт,Кирпичный,2 200 у.е./мес.
455,3-комнатная квартира в аренду,"город Ташкент, Мирзо-Улугбекский район, Буюк Ипак Йули",3,100 м²,7/8,Евроремонт,Кирпичный,2 000 у.е./мес.
456,2-комнатная квартира на продажу,"город Ташкент, Чиланзарский район, Чиланзар 9-й квартал",2,52 м²,4/4,Евроремонт,Кирпичный,52 000 у.е.
457,3-комнатная квартира в аренду,"город Ташкент, Мирабадский район, Госпитальный",3,120 м²,8/9,Евроремонт,Панельный,1 200 у.е./мес.
458,4-комнатная квартира на продажу,"город Ташкент, Юнусабадский район, Абдуллы Кадыри",4,100 м²,6/10,Требует ремонта,Кирпичный,109 000 у.е.
459,2-комнатная квартира на продажу,"город Ташкент, Шайхантахурский район, Международный деловой центр Tashkent City",2,67 м²,6/9,Евроремонт,Кирпичный,199 000 у.е.
460,2-комнатная квартира в аренду,"город Ташкент, Юнусабадский район",2,47 м²,5/9,Евроремонт,Лифт,550 у.е./мес.
461,2-комнатная квартира в аренду,"город Ташкент, Мирзо-Улугбекский район",2,47 м²,2/5,Евроремонт,Кирпичный,600 у.е./мес.
462,2-комнатная квартира в аренду,"город Ташкент, Мирабадский район, Афросиаб",2,55 м²,3/9,Евроремонт,Панельный,800 у.е./мес.
463,2-комнатная квартира на продажу,"город Ташкент, Яккасарайский район, Шота Руставели",2,49 м²,5/8,Евроремонт,Кирпичный,75 000 у.е.
464,Комната в аренду,"город Ташкент, Юнусабадский район",50 м²,3/4,Евроремонт,Панельный,Интернет,150 у.е./мес.
465,3-комнатная квартира в аренду,"город Ташкент, Яккасарайский район",3,82 м²,4/4,Евроремонт,Другое,600 у.е./мес.
466,3-комнатная квартира в аренду,"город Ташкент, Яккасарайский район",3,82 м²,4/4,Евроремонт,Другое,600 у.е./мес.
467,1-комнатная квартира в аренду,"город Ташкент, Чиланзарский район",1,29 м²,2/4,Черновая отделка,Панельный,300 у.е./мес.
468,3-комнатная квартира на продажу,"город Ташкент, Яккасарайский район, Бабура",3,83 м²,1/10,,,99 000 у.е.
469,4-комнатная квартира на продажу,"город Ташкент, Яккасарайский район",4,113 м²,5/9,Евроремонт,Кирпичный,150 000 у.е.
470,1-комнатная квартира на продажу,"город Ташкент, Чиланзарский район, Чиланзар 2-й квартал",1,30 м²,1/4,Евроремонт,Панельный,40 000 у.е.
471,2-комнатная квартира в аренду,"город Ташкент, Шайхантахурский район",2,70 м²,6/8,Евроремонт,,1 200 у.е./мес.
472,2-комнатная квартира на продажу,"город Ташкент, Яккасарайский район",2,65 м²,4/9,Требует ремонта,Кирпичный,77 000 у.е.
473,2-комнатная квартира на продажу,"город Ташкент, Юнусабадский район",2,134.6 м²,1/5,Требует ремонта,Кирпичный,120 000 у.е.
474,3-комнатная квартира на продажу,"город Ташкент, Мирабадский район, Фидокор",3,106 м²,2/10,Евроремонт,Кирпичный,184 000 у.е.
475,3-комнатная квартира на продажу,"город Ташкент, Яккасарайский район, Шота Руставели",3,101 м²,4/10,Евроремонт,Монолитный,139 990 у.е.
476,3-комнатная квартира на продажу,"город Ташкент, Мирабадский район, Афросиёб",3,80 м²,6/9,Евроремонт,Панельный,130 000 у.е.
477,4-комнатная квартира в аренду,"город Ташкент, Мирабадский район, Шахрисабз",4,100 м²,5/9,Евроремонт,Панельный,1 350 у.е./мес.
478,2-комнатная квартира на продажу,"город Ташкент, Чиланзарский район, Алмазар",2,60 м²,7/9,Черновая отделка,Панельный,74 500 у.е.
479,3-комнатная квартира на продажу,"город Ташкент, Мирзо-Улугбекский район, жилой комплекс Goldhill",3,90 м²,5/8,Черновая отделка,Кирпичный,85 000 у.е.
480,2-комнатная квартира в аренду,"город Ташкент, Яшнободский район",2,40 м²,4/5,Черновая отделка,Монолитный,500 у.е./мес.
481,4-комнатная квартира на продажу,"город Ташкент, Учтепинский район, Такачи",4,340 м²,9/9,Евроремонт,Кирпичный,199 990 у.е.
482,3-комнатная квартира на продажу,"город Ташкент, Яккасарайский район, Яккасарой",3,103 м²,3/9,Требует ремонта,Кирпичный,86 000 у.е.
483,2-комнатная квартира на продажу,"город Ташкент, Олмазорский район, Сагбан",2,78 м²,3/7,Евроремонт,Кирпичный,83 000 у.е.
484,4-комнатная квартира в аренду,"город Ташкент, Яккасарайский район, Шота Руставели",4,230 м²,4/7,Евроремонт,Кирпичный,1 500 у.е./мес.
485,2-комнатная квартира на продажу,"город Ташкент, Яккасарайский район, Дилбулок",2,53 м²,3/7,Требует ремонта,Кирпичный,55 000 у.е.
486,3-комнатная квартира на продажу,"город Ташкент, Мирзо-Улугбекский район, Феруза-1",3,86 м²,3/6,Требует ремонта,Кирпичный,58 000 у.е.
487,3-комнатная квартира на продажу,"город Ташкент, Олмазорский район",3,72 м²,4/4,Черновая отделка,Панельный,60 000 у.е.
488,2-комнатная квартира на продажу,"город Ташкент, Яккасарайский район, Шота Руставели",2,72.74 м²,9/12,Требует ремонта,Кирпичный,77 000 у.е.
489,2-комнатная квартира на продажу,"город Ташкент, Яшнободский район, Бойкургон",2,54 м²,5/10,Евроремонт,Кирпичный,78 000 у.е.
490,2-комнатная квартира на продажу,"город Ташкент, Мирзо-Улугбекский район, Аккурган",2,55 м²,4/4,Евроремонт,Кирпичный,71 000 у.е.
491,3-комнатная квартира на продажу,"город Ташкент, Юнусабадский район, Юнусабад 11-й квартал",3,70 м²,3/9,Средний,Панельный,79 000 у.е.
492,3-комнатная квартира на продажу,"город Ташкент, Учтепинский район, Чиланзар 31-й квартал",3,72 м²,3/9,Средний,Панельный,68 000 у.е.
493,2-комнатная квартира на продажу,"город Ташкент, Учтепинский район, Чиланзар 31-й квартал",2,50 м²,3/4,Средний,Кирпичный,60 000 у.е.
494,1-комнатная квартира на продажу,"город Ташкент, Мирзо-Улугбекский район, Сайрам",1,44 м²,5/12,Требует ремонта,Кирпичный,62 999 у.е.
495,4-комнатная квартира на продажу,"город Ташкент, Учтепинский район, Чиланзар 31-й квартал",4,94 м²,8/9,Требует ремонта,Кирпичный,75 000 у.е.
496,3-комнатная квартира на продажу,"город Ташкент, Учтепинский район, Чиланзар 31-й квартал",3,72 м²,7/9,Средний,Панельный,64 000 у.е.
497,3-комнатная квартира в аренду,"город Ташкент, Мирабадский район, Шахрисабз",3,70 м²,3/9,Евроремонт,Панельный,800 у.е./мес.
498,2-комнатная квартира на продажу,"город Ташкент, Янгихаётский район",2,68 м²,6/7,Евроремонт,Кирпичный,58 000 у.е.
499,3-комнатная квартира в аренду,"город Ташкент, Мирабадский район, Фергана Йули",3,90 м²,3/7,Евроремонт,Кирпичный,800 у.е./мес.
500,3-комнатная квартира в аренду,"город Ташкент, Шайхантахурский район",3,112 м²,5/9,Евроремонт,Кирпичный,2 500 у.е./мес.
501,3-комнатная квартира в аренду,"город Ташкент, Мирабадский район, Афросиаб",3,103 м²,4/4,Евроремонт,Кирпичный,900 у.е./мес.
502,4-комнатный частный дом в аренду,"город Ташкент, Мирзо-Улугбекский район, Магрур",4,3 сот.,155 м²,Евроремонт,Кирпичный,2 000 у.е./мес.
503,Офис в аренду,"город Ташкент, Олмазорский район, Умид",6+,250 м²,2/2,Средний,Монолитный,2 750 у.е./мес.
504,4-комнатная квартира в аренду,"город Ташкент, Шайхантахурский район, жилой комплекс Boulevard Международный деловой центр Tashkent City",4,122 м²,3/7,Евроремонт,Кирпичный,2 200 у.е./мес.
505,3-комнатная квартира в аренду,"город Ташкент, Яккасарайский район, махалля Юнус Ражабий, улица Юсуфа Хос Ходжиба",3,113 м²,4/8,Евроремонт,Кирпичный,1 000 у.е./мес.
506,3-комнатная квартира в аренду,"город Ташкент, Мирабадский район",3,99 м²,1/6,Евроремонт,Кирпичный,1 200 у.е./мес.
507,2-комнатная квартира в аренду,"город Ташкент, Шайхантахурский район",2,73 м²,5/8,Евроремонт,Кирпичный,1 400 у.е./мес.
508,2-комнатная квартира на продажу,"город Ташкент, Юнусабадский район",2,65 м²,7/9,Евроремонт,Панельный,85 000 у.е.
509,3-комнатная квартира на продажу,"город Ташкент, Мирзо-Улугбекский район, Феруза-1",3,86 м²,3/6,Требует ремонта,Кирпичный,59 999 у.е.
510,4-комнатная квартира в аренду,"город Ташкент, Мирабадский район, Шахрисабз",4,214 м²,4/7,Евроремонт,Кирпичный,2 000 у.е./мес.
511,4-комнатная квартира в аренду,"город Ташкент, Мирабадский район, Нукус",4,179 м²,6/9,Евроремонт,Кирпичный,2 000 у.е./мес.
512,3-комнатная квартира на продажу,"город Ташкент, Яккасарайский район",3,100 м²,7/9,Черновая отделка,Другое,75 000 у.е.
513,3-комнатная квартира в аренду,"город Ташкент, Шайхантахурский район",3,105 м²,4/9,Евроремонт,Кирпичный,2 000 у.е./мес.
514,3-комнатная квартира в аренду,"город Ташкент, Шайхантахурский район",3,110 м²,2/9,Евроремонт,Кирпичный,2 200 у.е./мес.
